-- db/seed.sql
-- Example data for local development.
-- Run after migrate.py:
--   python db/migrate.py
--   sqlite3 maverick_telemetry.db < db/seed.sql

PRAGMA foreign_keys = ON;

-- ---------------------------------------------------------------------------
-- Wipe existing data (order respects foreign key constraints)
-- ---------------------------------------------------------------------------

DELETE FROM trip_summaries;
DELETE FROM dtcs;
DELETE FROM readings;
DELETE FROM trips;
DELETE FROM sqlite_sequence WHERE name IN ('trips', 'readings', 'dtcs');

-- ---------------------------------------------------------------------------
-- Trips
-- ---------------------------------------------------------------------------

INSERT INTO trips (id, started_at, ended_at, duration_seconds, odometer_start, odometer_end, dtc_count, notes) VALUES
  (1, '2026-05-28T07:45:00+00:00', '2026-05-28T08:03:00+00:00', 1080, 4821.3, 4829.6, 0, 'Morning commute'),
  (2, '2026-05-27T14:20:00+00:00', '2026-05-27T14:32:00+00:00',  720, 4809.1, 4814.8, 1, 'Grocery run'),
  (3, '2026-05-26T17:00:00+00:00', '2026-05-26T17:35:00+00:00', 2100, 4774.2, 4809.1, 0, 'Highway to trailhead');

-- ---------------------------------------------------------------------------
-- Readings — Trip 1 (morning commute, mixed city/EV)
-- ev_mode=1 when motor_speed_rpm > 50 AND rpm < 100
-- regen_kw = pack_voltage_v * abs(battery_current_a) / 1000 when current < 0
-- ---------------------------------------------------------------------------

INSERT INTO readings (trip_id, ts, rpm, speed_mph, coolant_temp_f, throttle_pct, battery_soc_pct, ev_mode, regen_kw, fuel_rate_gph, pack_voltage_v, battery_current_a, motor_speed_rpm) VALUES
  (1, '2026-05-28T07:45:00+00:00',  820, 0.0, 142.0,  4.0, 73.5, 0, 0.000, 0.08, 238.0,   4.0,    0),
  (1, '2026-05-28T07:46:00+00:00', 1350,24.5, 158.0, 20.0, 72.8, 0, 0.000, 0.45, 239.0,  18.0,  780),
  (1, '2026-05-28T07:47:00+00:00',    0,21.0, 163.0,  0.0, 73.4, 1, 4.800, 0.00, 240.0, -20.0,  670),
  (1, '2026-05-28T07:48:00+00:00', 2050,44.0, 178.0, 29.0, 72.5, 0, 0.000, 0.82, 237.0,  26.0, 1390),
  (1, '2026-05-28T07:49:00+00:00', 2780,54.5, 188.0, 36.0, 71.6, 0, 0.000, 1.12, 236.0,  33.0, 1760),
  (1, '2026-05-28T07:50:00+00:00',    0,39.5, 191.0,  0.0, 72.4, 1, 7.200, 0.00, 240.0, -30.0, 1260),
  (1, '2026-05-28T07:51:00+00:00',    0,14.0, 193.0,  0.0, 73.1, 1, 2.400, 0.00, 240.0, -10.0,  445),
  (1, '2026-05-28T07:52:00+00:00',  710, 0.0, 195.0,  2.0, 73.1, 0, 0.000, 0.05, 238.0,   3.0,    0),
  (1, '2026-05-28T07:53:00+00:00', 1480,29.5, 197.0, 21.0, 72.2, 0, 0.000, 0.58, 238.0,  17.0,  940),
  (1, '2026-05-28T07:54:00+00:00', 2210,47.5, 199.0, 27.0, 71.4, 0, 0.000, 0.88, 237.0,  23.0, 1510),
  (1, '2026-05-28T07:55:00+00:00',    0,34.0, 200.0,  0.0, 72.2, 1, 5.760, 0.00, 240.0, -24.0, 1080),
  (1, '2026-05-28T07:56:00+00:00', 1090,24.5, 200.0, 15.0, 71.8, 0, 0.000, 0.34, 239.0,  12.0,  780),
  (1, '2026-05-28T07:57:00+00:00',    0,17.0, 201.0,  0.0, 72.5, 1, 3.360, 0.00, 240.0, -14.0,  540),
  (1, '2026-05-28T07:58:00+00:00',  710, 0.0, 202.0,  2.0, 72.5, 0, 0.000, 0.05, 238.0,   3.0,    0),
  (1, '2026-05-28T07:59:00+00:00', 1280,27.5, 202.0, 18.0, 71.7, 0, 0.000, 0.49, 239.0,  14.0,  875),
  (1, '2026-05-28T08:00:00+00:00', 2380,51.5, 202.0, 31.0, 70.9, 0, 0.000, 0.98, 237.0,  27.0, 1640),
  (1, '2026-05-28T08:01:00+00:00',    0,37.5, 203.0,  0.0, 71.7, 1, 6.240, 0.00, 240.0, -26.0, 1190),
  (1, '2026-05-28T08:02:00+00:00',  710, 4.5, 203.0,  3.0, 71.6, 0, 0.000, 0.07, 238.0,   4.0,  143),
  (1, '2026-05-28T08:03:00+00:00',  710, 0.0, 203.0,  2.0, 71.6, 0, 0.000, 0.05, 238.0,   3.0,    0);

-- ---------------------------------------------------------------------------
-- Readings — Trip 2 (city errand, heavy EV use, low speeds)
-- ---------------------------------------------------------------------------

INSERT INTO readings (trip_id, ts, rpm, speed_mph, coolant_temp_f, throttle_pct, battery_soc_pct, ev_mode, regen_kw, fuel_rate_gph, pack_voltage_v, battery_current_a, motor_speed_rpm) VALUES
  (2, '2026-05-27T14:20:00+00:00',  820, 0.0, 185.0,  3.0, 78.2, 0, 0.000, 0.07, 239.0,   4.0,    0),
  (2, '2026-05-27T14:21:00+00:00',    0,18.5, 186.0,  0.0, 78.9, 1, 0.000, 0.00, 241.0,  22.0,  590),
  (2, '2026-05-27T14:22:00+00:00',    0,24.0, 187.0,  0.0, 78.1, 1, 0.000, 0.00, 241.0,  28.0,  760),
  (2, '2026-05-27T14:23:00+00:00',    0,10.0, 187.0,  0.0, 78.8, 1, 2.892, 0.00, 241.0, -12.0,  318),
  (2, '2026-05-27T14:24:00+00:00',  710, 0.0, 188.0,  2.0, 78.8, 0, 0.000, 0.05, 239.0,   3.0,    0),
  (2, '2026-05-27T14:25:00+00:00',    0,21.5, 188.0,  0.0, 79.4, 1, 0.000, 0.00, 241.0,  25.0,  683),
  (2, '2026-05-27T14:26:00+00:00',    0,28.5, 189.0,  0.0, 78.6, 1, 0.000, 0.00, 241.0,  32.0,  905),
  (2, '2026-05-27T14:27:00+00:00',    0,16.0, 189.0,  0.0, 79.2, 1, 3.856, 0.00, 241.0, -16.0,  508),
  (2, '2026-05-27T14:28:00+00:00', 1100,22.0, 190.0, 14.0, 78.5, 0, 0.000, 0.31, 239.0,  13.0,  699),
  (2, '2026-05-27T14:29:00+00:00',    0,19.0, 190.0,  0.0, 79.1, 1, 0.000, 0.00, 241.0,  22.0,  604),
  (2, '2026-05-27T14:30:00+00:00',    0, 8.5, 191.0,  0.0, 79.6, 1, 1.929, 0.00, 241.0,  -8.0,  270),
  (2, '2026-05-27T14:31:00+00:00',  710, 0.0, 191.0,  2.0, 79.6, 0, 0.000, 0.05, 239.0,   3.0,    0),
  (2, '2026-05-27T14:32:00+00:00',  710, 0.0, 191.0,  2.0, 79.5, 0, 0.000, 0.05, 239.0,   3.0,    0);

-- ---------------------------------------------------------------------------
-- Readings — Trip 3 (highway, sustained speed, less EV)
-- ---------------------------------------------------------------------------

INSERT INTO readings (trip_id, ts, rpm, speed_mph, coolant_temp_f, throttle_pct, battery_soc_pct, ev_mode, regen_kw, fuel_rate_gph, pack_voltage_v, battery_current_a, motor_speed_rpm) VALUES
  (3, '2026-05-26T17:00:00+00:00',  820, 0.0, 149.0,  4.0, 69.8, 0, 0.000, 0.08, 238.0,   4.0,    0),
  (3, '2026-05-26T17:02:00+00:00', 1680,35.0, 168.0, 24.0, 68.9, 0, 0.000, 0.64, 237.0,  20.0, 1113),
  (3, '2026-05-26T17:05:00+00:00', 2450,65.5, 185.0, 32.0, 67.8, 0, 0.000, 1.28, 236.0,  35.0, 2082),
  (3, '2026-05-26T17:08:00+00:00', 2620,70.0, 196.0, 34.0, 66.5, 0, 0.000, 1.40, 235.0,  38.0, 2228),
  (3, '2026-05-26T17:11:00+00:00', 2580,70.5, 200.0, 33.0, 65.3, 0, 0.000, 1.37, 235.0,  37.0, 2244),
  (3, '2026-05-26T17:14:00+00:00', 2700,72.0, 202.0, 35.0, 64.1, 0, 0.000, 1.45, 234.0,  39.0, 2291),
  (3, '2026-05-26T17:17:00+00:00',    0,55.0, 203.0,  0.0, 65.2, 1,12.000, 0.00, 240.0, -50.0, 1750),
  (3, '2026-05-26T17:20:00+00:00', 2550,68.0, 204.0, 32.0, 64.0, 0, 0.000, 1.32, 235.0,  36.0, 2163),
  (3, '2026-05-26T17:23:00+00:00', 2680,71.5, 205.0, 34.0, 62.8, 0, 0.000, 1.43, 234.0,  38.0, 2275),
  (3, '2026-05-26T17:26:00+00:00', 2600,70.0, 205.0, 33.0, 61.5, 0, 0.000, 1.38, 235.0,  37.0, 2228),
  (3, '2026-05-26T17:29:00+00:00',    0,48.0, 205.0,  0.0, 62.6, 1,10.080, 0.00, 240.0, -42.0, 1527),
  (3, '2026-05-26T17:32:00+00:00', 1820,42.0, 204.0, 26.0, 61.8, 0, 0.000, 0.78, 237.0,  24.0, 1336),
  (3, '2026-05-26T17:34:00+00:00',    0,22.0, 203.0,  0.0, 62.5, 1, 4.320, 0.00, 240.0, -18.0,  700),
  (3, '2026-05-26T17:35:00+00:00',  710, 0.0, 203.0,  2.0, 62.4, 0, 0.000, 0.05, 238.0,   3.0,    0);

-- ---------------------------------------------------------------------------
-- DTCs
-- ---------------------------------------------------------------------------

INSERT INTO dtcs (trip_id, code, first_seen_at, claude_diagnosis, diagnosed_at) VALUES
  (2, 'P0D0B', '2026-05-27T14:24:00+00:00',
   'P0D0B — High Voltage Battery Pack Deterioration (Ford hybrid). Indicates the HV battery capacity has dropped below the expected threshold for the vehicle age and mileage. Common in first-generation FHEV packs exposed to repeated deep discharge cycles. Urgency: LOW — monitor SOC trends; schedule dealer inspection if fuel economy drops noticeably.',
   '2026-05-27T14:35:00+00:00');

-- ---------------------------------------------------------------------------
-- Trip summaries
-- ---------------------------------------------------------------------------

INSERT INTO trip_summaries (trip_id, avg_speed_mph, max_speed_mph, avg_rpm, max_coolant_temp_f, ev_time_pct, total_regen_kwh, avg_fuel_economy_mpg, min_battery_soc_pct) VALUES
  (1, 24.3, 54.5,  882.1, 203.0, 26.3, 0.0083, 38.4, 70.9),
  (2, 14.5, 28.5,  257.7, 191.0, 69.2, 0.0024, 52.1, 78.5),
  (3, 52.8, 72.0, 1939.3, 205.0,  7.1, 0.0073, 34.2, 61.5);
